[
  {
    "title": "Meeting",
    "description": "Discuss roadmap",
    "start_time": "2025-06-30T09:00:00",
    "end_time": "2025-06-30T10:00:00",
    "id": 1
  },
  {
    "title": "Updated Meeting",
    "description": "Discuss roadmap",
    "start_time": "2025-06-30T09:00:00",
    "end_time": "2025-06-30T10:00:00",
    "id": 2
  },
  {
    "description": "This is a test.",
    "end_time": "2025-07-01T11:00:00",
    "start_time": "2025-07-01T10:00:00",
    "title": "Test Event",
    "id": 3
  },
  {
    "description": "Update this",
    "end_time": "2025-07-01T13:00:00",
    "start_time": "2025-07-01T12:00:00",
    "title": "Updated Title",
    "id": 4
  }
]