{
  "info": {
    "name": "Event Scheduler",
    "_postman_id": "abc12345-6789-def0-1234-56789abcdef0",
    "description": "CRUD API for event scheduling",
    "schema": "https://schema.getpostman.com/json/collection/v2.1.0/collection.json"
  },
  "item": [
    {
      "name": "Create Event",
      "request": {
        "method": "POST",
        "header": [{ "key": "Content-Type", "value": "application/json" }],
        "body": {
          "mode": "raw",
          "raw": "{\n  \"title\": \"Meeting\",\n  \"description\": \"Discuss roadmap\",\n  \"start_time\": \"2025-06-30T09:00:00\",\n  \"end_time\": \"2025-06-30T10:00:00\"\n}"
        },
        "url": { "raw": "http://localhost:5000/events", "host": ["localhost"], "port": "5000", "path": ["events"] }
      }
    },
    {
      "name": "List Events",
      "request": {
        "method": "GET",
        "url": { "raw": "http://localhost:5000/events", "host": ["localhost"], "port": "5000", "path": ["events"] }
      }
    },
    {
      "name": "Update Event",
      "request": {
        "method": "PUT",
        "header": [{ "key": "Content-Type", "value": "application/json" }],
        "body": {
          "mode": "raw",
          "raw": "{\n  \"title\": \"Updated Meeting\"\n}"
        },
        "url": { "raw": "http://localhost:5000/events/1", "host": ["localhost"], "port": "5000", "path": ["events", "1"] }
      }
    },
    {
      "name": "Delete Event",
      "request": {
        "method": "DELETE",
        "url": { "raw": "http://localhost:5000/events/1", "host": ["localhost"], "port": "5000", "path": ["events", "1"] }
      }
    }
  ]
}
